﻿{"brd_table_new":{"Version":1600507212},"corps_active_goal_table":{"Version":1600507212},"social_authorize_config":{"Version":1600507212},"upgrade_parameter":{"Version":1600507213},"corps_season_rank_reward_table":{"Version":1600507212},"custom_chest_quality_times_jpkr":{"Version":1600507212},"cadge_table":{"Version":1600507212},"custom_chest_cfg_jpkr":{"Version":1600507212},"new_level_task_cover_table":{"Version":1600507213},"custom_chest_quality_cost_kr":{"Version":1600507212},"custom_chest_quality_times_kr":{"Version":1600507212},"mentor_award_table":{"Version":1600507212},"easy_buy_cfg":{"Version":1600507212},"dubber_table_ext":{"Version":1600507212},"mentor_task_table":{"Version":1600507213}}