﻿{"2":{"path":"/Game/UMG/Texture/LoadingUI/LOADING_image_2.LOADING_image_2","end_time_stamp":1910304000,"begin_time":"2018-07-15 00:00:00","end_time":"2030-07-15 00:00:00","weight":1},"3":{"path":"/Game/UMG/Texture/LoadingUI/LOADING_image_3.LOADING_image_3","end_time_stamp":1910304000,"begin_time":"2018-07-15 00:00:00","end_time":"2030-07-15 00:00:00","weight":1},"4":{"path":"/Game/UMG/Texture/LoadingUI/LOADING_image_4.LOADING_image_4","end_time_stamp":1910304000,"begin_time":"2018-07-15 00:00:00","end_time":"2030-07-15 00:00:00","weight":1},"4081":{"weight":300,"end_time_stamp":1600999200,"begin_time":"2020-09-18 02:00:00","path":"https://battlegroundsmobile.kr/hse03/event/202009/0918_honeypan_loading_ko.jpg","region_map":[null,null,null,null,null,true],"end_time":"2020-09-25 02:00:00"},"4082":{"weight":300,"end_time_stamp":1602374400,"begin_time":"2020-09-24 00:00:00","path":"https://battlegroundsmobile.kr/hse03/event/202009/200924_BlackPink_Loading02_ko.png","region_map":[null,null,null,null,null,true],"end_time":"2020-10-11 00:00:00"},"12":{"path":"https://www.pubgmobile.com/event/pics/loading/loading15.jpg","end_time_stamp":1910304000,"begin_time":"2018-07-15 00:00:00","end_time":"2030-07-15 00:00:00","weight":1},"13":{"path":"https://www.pubgmobile.com/event/pics/loading/loading16.jpg","end_time_stamp":1910304000,"begin_time":"2018-07-15 00:00:00","end_time":"2030-07-15 00:00:00","weight":1},"9":{"path":"/Game/UMG/Texture/LoadingUI/LOADING_image_RH_2.LOADING_image_RH_2","end_time_stamp":1910304000,"begin_time":"2018-07-15 00:00:00","end_time":"2030-07-15 00:00:00","weight":1},"10":{"path":"/Game/UMG/Texture/LoadingUI/LOADING_image_RH_3.LOADING_image_RH_3","end_time_stamp":1910304000,"begin_time":"2018-07-15 00:00:00","end_time":"2030-07-15 00:00:00","weight":1},"4075":{"weight":300,"end_time_stamp":1601510400,"begin_time":"2020-09-15 02:00:00","path":"https://battlegroundsmobile.kr/hse03/event/202009/200915_RP15_loading_ko.png","region_map":[null,null,null,null,null,true],"end_time":"2020-10-01 00:00:00"},"4076":{"weight":200,"end_time_stamp":1601078400,"begin_time":"2020-09-21 02:00:00","path":"https://battlegroundsmobile.kr/hse03/event/202009/200921_mistery_loading_ko.png","region_map":[null,null,null,null,null,true],"end_time":"2020-09-26 00:00:00"},"4077":{"weight":300,"end_time_stamp":1604188800,"begin_time":"2020-10-24 02:00:00","path":"https://battlegroundsmobile.kr/hse03/event/202009/201024_special_loading_ko.png","region_map":[null,null,null,null,null,true],"end_time":"2020-11-01 00:00:00"},"4078":{"weight":300,"end_time_stamp":1604707200,"begin_time":"2020-10-31 02:00:00","path":"https://battlegroundsmobile.kr/hse03/event/202009/201031_mistery_loading_ko.png","region_map":[null,null,null,null,null,true],"end_time":"2020-11-07 00:00:00"},"4079":{"weight":300,"end_time_stamp":1604188800,"begin_time":"2020-09-20 00:00:00","path":"https://www.pubgmobile.com/act_pics/wzhywang/190loading/100loading/BlackPink.jpg","region_map":[null,null,null,null,null,true],"end_time":"2020-11-01 00:00:00"}}